Discipline,Female,Male,Total,FemalePct,MalePct
Archery,1059,1009,2068,51.2,48.8
Athletics,8860,8810,17670,50.1,49.9
Badminton,1195,1290,2485,48.1,51.9
Basketball,1998,2446,4444,45.0,55.0
Boxing,954,2264,3218,29.6,70.4
Canoe Sprint,844,1186,2030,41.6,58.4
Climbing,547,551,1098,49.8,50.2
Cycling,2038,2944,4982,40.9,59.1
Diving,1023,834,1857,55.1,44.9
Equestrian,1046,721,1767,59.2,40.8
Fencing,1269,1266,2535,50.1,49.9
Football,2537,3779,6316,40.2,59.8
Gymnastics,2780,2301,5081,54.7,45.3
Handball,1596,1597,3193,50.0,50.0
Hockey,1405,1694,3099,45.3,54.7
Judo,1730,1981,3711,46.6,53.4
Modern Pentathlon,453,439,892,50.8,49.2
Rowing,1770,1942,3712,47.7,52.3
Rugby Sevens,989,1232,2221,44.5,55.5
Sailing,885,1089,1974,44.8,55.2
Shooting,1115,1350,2465,45.2,54.8
Skateboarding,569,730,1299,43.8,56.2
Surfing,487,484,971,50.2,49.8
Swimming,5685,5697,11382,49.9,50.1
Table Tennis,1112,1188,2300,48.3,51.7
Taekwondo,1091,945,2036,53.6,46.4
Tennis,1277,1298,2575,49.6,50.4
Triathlon,759,765,1524,49.8,50.2
Volleyball,1820,1827,3647,49.9,50.1
Water Polo,883,1041,1924,45.9,54.1
Weightlifting,1083,1376,2459,44.0,56.0
Wrestling,1078,1987,3065,35.2,64.8
