Rank,Country,Gold,Silver,Bronze,Total
1,China,70,50,50,170
2,United States,63,53,45,161
3,Japan,28,22,29,79
4,Great Britain,24,29,27,80
5,France,19,15,14,48
6,Germany,17,29,22,68
7,Netherlands,10,4,14,28
8,Australia,9,20,24,53
9,Russia,7,18,20,45
10,Italy,6,8,9,23
11,South Korea,6,7,10,23
12,Hungary,5,3,3,11
13,Sweden,5,1,9,15
14,Canada,4,5,9,18
15,Ukraine,4,3,5,12
16,Kenya,4,2,4,10
17,Brazil,3,11,10,24
18,New Zealand,3,4,6,13
19,Switzerland,3,2,6,11
20,Serbia,3,2,2,7
21,Norway,2,5,4,11
22,Jamaica,2,4,5,11
23,South Africa,2,1,2,5
24,Cuba,2,0,2,4
25,Greece,2,0,2,4
26,Belgium,2,0,0,2
27,Turkey,2,0,0,2
28,Spain,1,4,7,12
29,Argentina,1,3,3,7
30,Ethiopia,1,2,1,4
31,Croatia,1,1,2,4
32,Czechia,1,1,2,4
33,Iran,1,1,2,4
34,Nigeria,1,1,1,3
35,Slovenia,1,1,1,3
36,Egypt,1,0,2,3
37,Lithuania,1,0,0,1
38,Thailand,1,0,0,1
39,Denmark,0,2,1,3
40,Poland,0,1,4,5
41,Ireland,0,1,1,2
42,Kazakhstan,0,1,0,1
43,Uganda,0,1,0,1
44,India,0,0,3,3
45,Morocco,0,0,2,2
46,Portugal,0,0,2,2
47,Costa Rica,0,0,1,1
48,Indonesia,0,0,1,1
49,Mexico,0,0,1,1
50,Mongolia,0,0,1,1
